{"cameraMode":{"drawMode":0,"name":"Shaded","section":"Shading Mode"},"sceneLighting":true,"audioPlay":false,"sceneViewState":{"showFog":true,"showMaterialUpdate":false,"showSkybox":true,"showFlares":true,"showImageEffects":true,"showParticleSystems":true},"in2DMode":false,"pivot":{"x":-2.632366180419922,"y":3.571377754211426,"z":0.724044919013977},"rotation":{"x":-0.07578188925981522,"y":0.8441500663757324,"z":-0.12396496534347534,"w":-0.5160430669784546},"size":27.52165985107422,"orthographic":false}