{"cameraMode":{"drawMode":0,"name":"Shaded","section":"Shading Mode"},"sceneLighting":true,"audioPlay":false,"sceneViewState":{"showFog":true,"showMaterialUpdate":false,"showSkybox":true,"showFlares":true,"showImageEffects":true,"showParticleSystems":true},"in2DMode":false,"pivot":{"x":1.0752732753753663,"y":3.6351470947265627,"z":0.04254470765590668},"rotation":{"x":-0.18200232088565827,"y":-0.6309561133384705,"z":0.15561635792255402,"w":-0.7379384636878967},"size":22.301494598388673,"orthographic":false}